{
  "Layers": [
    {
      "Files": [
        "Sounds/NPC/Undead/Praetorian/Praetorian_Death_VO_01.ogg",
        "Sounds/NPC/Undead/Praetorian/Praetorian_Death_VO_02.ogg",
        "Sounds/NPC/Undead/Praetorian/Praetorian_Death_VO_03.ogg"
      ],
      "RandomSettings": {
        "MinVolume": -3.0980391997148637,
        "MaxVolume": 0,
        "MinPitch": -3.8240371213405997,
        "MaxPitch": 1.6500422849992202
      },
      "Probability": 100,
      "Volume": 2.9019608002851363
    },
    {
      "Files": [
        "Sounds/NPC/Undead/Praetorian/Praetorian_Death_01_Foley_01.ogg",
        "Sounds/NPC/Undead/Praetorian/Praetorian_Death_01_Foley_02.ogg",
        "Sounds/NPC/Undead/Praetorian/Praetorian_Death_01_Foley_03.ogg"
      ],
      "RandomSettings": {
        "MinPitch": -3.8631371386483475,
        "MaxPitch": 3.1564128700055254,
        "MinVolume": -0.9151498112135024
      },
      "Volume": 6.0
    }
  ],
  "MaxInstance": 5,
  "Volume": 0,
  "PreventSoundInterruption": true,
  "AudioCategory": "AudioCat_NPC_Skeleton_Praetorian",
  "Parent": "SFX_Attn_Moderate"
}

