{
  "Layers": [
    {
      "Files": [
        "Sounds/NPC/DrakonForge_Terminator/DrakonForge_Terminator_Alerted_01.ogg",
        "Sounds/NPC/DrakonForge_Terminator/DrakonForge_Terminator_Alerted_02.ogg",
        "Sounds/NPC/DrakonForge_Terminator/DrakonForge_Terminator_Alerted_03.ogg",
        "Sounds/NPC/DrakonForge_Terminator/DrakonForge_Terminator_Alerted_04.ogg"
      ],
      "RandomSettings": {
        "MinVolume": -2,
        "MaxVolume": 0,
        "MinPitch": -1,
        "MaxPitch": 1
      },
      "Probability": 100,
      "StartDelay": 0.1,
      "Volume": 0,
      "Looping": true
    }
  ],
  "Volume": 3.0,
  "PreventSoundInterruption": true,
  "AudioCategory": "AudioCat_NPC_Skeleton_Praetorian",
  "Parent": "SFX_Attn_Moderate"
}

