{
  "Layers": [
    {
      "Files": [
        "Sounds/NPC/DrakonForge_Terminator/DrakonForge_Terminator_Hit_01.ogg",
        "Sounds/NPC/DrakonForge_Terminator/DrakonForge_Terminator_Hit_02.ogg",
        "Sounds/NPC/DrakonForge_Terminator/DrakonForge_Terminator_Hit_03.ogg"
      ],
      "RandomSettings": {
        "MinPitch": -1,
        "MaxPitch": 1,
        "MinVolume": 0
      },
      "StartDelay": 0,
      "Volume": 1.0
    }
  ],
  "Volume": 0,
  "PreventSoundInterruption": true,
  "AudioCategory": "AudioCat_Sword",
  "Parent": "SFX_Attn_Moderate"
}