{
  "Type": "Simple",
  "Effects": {
    "ItemPlayerAnimationsId": "Skeleton_Staff",
    "ItemAnimationId": "CastSummon"
  },
  "$Comment": "Prepare Delay",
  "RunTime": 1.05,
  "Next": {
    "Type": "LaunchProjectile",
    "RunTime": 0.35,
    "Effects": {
      "WorldSoundEventId": "SFX_Staff_Fire_Shoot"
    },
    "ProjectileId": "DrakonForge_Terminator_Orb",
    "Tags": {
      "AimingReference": []
    },
    "Next": {
      "Type": "LaunchProjectile",
      "RunTime": 0.35,
      "Effects": {
        "WorldSoundEventId": "SFX_Staff_Fire_Shoot"
      },
      "ProjectileId": "DrakonForge_Terminator_Orb",
      "Next": {
        "Type": "LaunchProjectile",
        "RunTime": 0.35,
        "Effects": {
          "WorldSoundEventId": "SFX_Staff_Fire_Shoot"
        },
        "ProjectileId": "DrakonForge_Terminator_Orb"
      }
    }
  }
}