{
  "Type": "Simple",
  "Effects": {
    "ItemPlayerAnimationsId": "Outlander_Axe",
    "ItemAnimationId": "SwingUpLeft"
  },
  "$Comment": "Prepare Delay",
  "RunTime": 0.244,
  "Next": {
    "Type": "Parallel",
    "$Comment": "Make sure this parallel interaction is needed and can\u0027t be optimized away",
    "Interactions": [
      {
        "Interactions": [
          {
            "Type": "Selector",
            "$Comment": "Length of Combat",
            "RunTime": 0.133,
            "Selector": {
              "Id": "Horizontal",
              "Direction": "ToLeft",
              "TestLineOfSight": true,
              "ExtendTop": 0.5,
              "ExtendBottom": 0.5,
              "StartDistance": 0.5,
              "EndDistance": 2.5,
              "Length": 60,
              "RollOffset": -60,
              "YawStartOffset": -30
            },
            "HitEntity": {
              "Interactions": [
                {
                  "Type": "DamageEntity",
                  "DamageCalculator": {
                    "BaseDamage": {
                      "Physical": 30
                    }
                  },
                  "Effects": {
                    "CameraEffect": "Impact_Light"
                  },
                  "DamageEffects": {
                    "WorldSoundEventId": "SFX_DrakonForge_Terminator_Hit",
                    "WorldParticles": [
                      {
                        "SystemId": "Impact_Blade_01"
                      }
                    ]
                  }
                }
              ]
            },
            "Next": {
              "Type": "Simple",
              "$Comment": "Pad the interaction length",
              "RunTime": 0.178
            }
          }
        ]
      },
      {
        "Interactions": [
          {
            "Type": "Simple",
            "$Comment": "Length of Effect",
            "RunTime": 0.177,
            "Effects": {
              "Trails": [
                {
                  "PositionOffset": {
                    "X": 0.8,
                    "Y": 0,
                    "Z": 0
                  },
                  "RotationOffset": {
                    "Pitch": 0,
                    "Roll": 90,
                    "Yaw": 0
                  },
                  "TargetNodeName": "Handle",
                  "TrailId": "Medium_Sword_Strong"
                }
              ],
              "WorldSoundEventId": "SFX_DrakonForge_Terminator_Swing"
            }
          }
        ]
      }
    ]
  }
}