{
  "Appearance": "DrakonForge_Terminator_Orb",
  "Radius": 0.1,
  "Height": 0.2,
  "PitchAdjustShot": true,
  "SticksVertically": true,
  "MuzzleVelocity": 50,
  "TerminalVelocity": 100,
  "Gravity": 0,
  "Damage": 30,
  "DeathEffectsOnHit": true,
  "BounceSoundEventId": "SFX_Fireball_Bounce",
  "MissSoundEventId": "SFX_Fireball_Miss",
  "DeathSoundEventId": "SFX_Fireball_Death",
  "TimeToLive": 1.5,
  "DeadTimeMiss": 0,
  "ImpactSlowdown": 0,
  "DepthShot": 1,
  "DeathParticles": {
    "SystemId": "DrakonForge_Terminator_Orb"
  },
  "VerticalCenterShot": 0.1,
  "HorizontalCenterShot": 0.1,
  "HitParticles": {
    "SystemId": "DrakonForge_Terminator_Orb"
  }
}