{
  "Parent": "Player",
  "Model": "NPC/Undead/Zombie/Models/Model.blockymodel",
  "Texture": "NPC/Undead/Zombie/Models/Zombie_Frost.png",
  "EyeHeight": 1.45,
  "CrouchOffset": -0.25,
  "DefaultAttachments": [
    {
      "Model": "NPC/Undead/Skeleton/Models/Attachments/Cosmetics/Head/Eyes/Eyes.blockymodel",
      "Texture": "NPC/Undead/Skeleton/Models/Attachments/Cosmetics/Head/Eyes/Eyes_Red.png"
    }
  ],
  "AnimationSets": {
    "Alerted": {
      "Animations": [
        {
          "Animation": "NPC/Undead/Skeleton/Animations/Default/Alerted.blockyanim",
          "Looping": false,
          "SoundEventId": "SFX_Skeleton_Praetorian_Alerted"
        }
      ]
    },
    "Death": {
      "Animations": [
        {
          "Animation": "Characters/Animations/Damage/Default/Death.blockyanim",
          "Looping": false,
          "SoundEventId": "SFX_DrakonForge_Terminator_Death"
        }
      ]
    }
  }
}
