{
  "Class": "Instruction",
  "Interface": "Hytale.Instruction.AttackSequence",
  "Parameters": {
    "AttackDistance": {
      "Value": 3,
      "Description": "The distance at which an NPC will execute attacks"
    },
    "CombatRelativeTurnSpeed": {
      "Value": 2.0,
      "Description": "Modifier that decides turn speed difference in combat"
    }
  },
  "Content": {
    "Sensor": {
      "Type": "Target",
      "Range": { "Compute": "AttackDistance" },
      "Filters": [
        {
          "Type": "LineOfSight"
        }
      ]
    },
    "ActionsBlocking": true,
    "Actions": [
      {
        "Type": "Attack",
        "Attack": "DrakonForge_Terminator_Swing_Left",
        "AttackPauseRange": [ 0.5, 1.5 ]
      },
      {
        "Type": "Attack",
        "Attack": "DrakonForge_Terminator_Swing_Right",
        "AttackPauseRange": [ 0.5, 1.5 ]
      },
      {
        "Type": "Attack",
        "Attack": "DrakonForge_Terminator_Swing_Up_Left",
        "AttackPauseRange": [ 0.5, 1.5 ]
      },
      {
        "Type": "Attack",
        "Attack": "DrakonForge_Terminator_Spin",
        "AttackPauseRange": [ 0.5, 1.5 ]
      }
    ],
    "HeadMotion": {
      "Type": "Aim",
      "RelativeTurnSpeed": { "Compute": "CombatRelativeTurnSpeed" }
    }
  },
  "Type": "Component"
}