{
  "Class": "Instruction",
  "Interface": "Hytale.Instruction.AttackSequence",
  "Parameters": {
    "AttackDistance": {
      "Value": 2,
      "Description": "The distance at which an NPC will execute attacks"
    },
    "CombatRelativeTurnSpeed": {
      "Value": 1.5,
      "Description": "Modifier that decides turn speed difference in combat"
    }
  },
  "Content": {
    "Sensor": {
      "Type": "Target",
      "Range": { "Compute": "AttackDistance" },
      "Filters": [
        {
          "Type": "LineOfSight"
        }
      ]
    },
    "ActionsBlocking": true,
    "Actions": [
      {
        "Type": "Attack",
        "Attack": "DrakonForge_Terminator_Shoot_Orb",
        "AimingTimeRange": [ 3, 3 ],
        "AttackPauseRange": [ 0, 2 ]
      }
    ],
    "HeadMotion": {
      "Type": "Aim",
      "RelativeTurnSpeed": { "Compute": "CombatRelativeTurnSpeed" }
    }
  },
  "Type": "Component"
}