{
  "Model": "Items/Projectiles/Projectile.blockymodel",
  "Texture": "Items/Projectiles/Projectile_default.png",
  "HitBox": {
    "Max": {
      "X": 0.1,
      "Y": 0.1,
      "Z": 0.1
    },
    "Min": {
      "X": -0.1,
      "Y": -0.1,
      "Z": -0.1
    }
  },
  "MinScale": 0.5,
  "MaxScale": 0.6,
  "AnimationSets": {
    "Idle": {
      "Animations": [
        {
          "Animation": "Items/Animations/Spin_Roll/Spin_Roll_Left.blockyanim",
          "BlendingDuration": 0
        }
      ]
    }
  },
  "Light": {
    "Color": "#f03333"
  },
  "Trails": [
    {
      "TargetNodeName": "Origin_Item",
      "TrailId": "DrakonForge_Terminator_Orb"
    },
    {
      "TargetNodeName": "Origin_Item",
      "TrailId": "DrakonForge_Terminator_Orb",
      "RotationOffset": {
        "Yaw": 90,
        "Pitch": 0,
        "Roll": 0
      }
    }
  ],
  "DefaultAttachments": [
    {
      "Model": "Items/Projectiles/Fireball.blockymodel",
      "Texture": "Items/Projectiles/Fireball_Textures/DrakonForge_Terminator_Orb.png"
    }
  ]
}