{
  "Type": "Variant",
  "Reference": "Template_Intelligent_DrakonForge_Terminator",
  "Modify": {
    "MaxHealth": 200,
    "MaxSpeed": 5,
    "DefaultNPCAttitude": "Hostile",
    "DefaultPlayerAttitude": "Hostile",
    "RunThreshold": 0.7,
    "ChaseRelativeSpeed": 1.0,
    "ViewRange": 20,
    "HearingRange": 10,
    "AlertedRange": 20,
    "AlertedTime": [0.5, 1],
    "ViewSector": 270,
    "WakingPeriod": [0, 24],
    "DropList": "Drop_DrakonForge_Terminator",
    "Appearance": "DrakonForge_Terminator",
    "Weapons": [
    ],
    "OffHand": [],
    "DefaultOffHandSlot": -1,
    "FollowPatrolPath": false,
    "Patrol": false,
    "WanderRadius": 15,
    "ApplySeparation": true,
    "DisableDamageGroups": [
      "Self"
    ],
    "AttitudeGroup": "DrakonForge_Terminator",
    "IsMemory": false,
    "MemoriesCategory": "Other",
    "NameTranslationKey": {
      "Compute": "NameTranslationKey"
    },
    "AttackSequence": "Component_Instruction_Attack_Sequence_DrakonForge_Terminator_Melee",
    "RangedAttackSequence": "Component_Instruction_Attack_Sequence_DrakonForge_Terminator_Ranged",
    "AttackDistance": 2,
    "AttackPauseRange": [
      0.5,
      1.5
    ],
    "CombatAttackPreDelay": [
      0.05,
      0.05
    ],
    "CombatRelativeTurnSpeed": 2,
    "CombatBehaviorDistance": 2,
    "CombatBackOffAfterAttack": false,
    "CombatStrafeWeight": 0,
    "CombatDirectWeight": 0,
    "CombatAlwaysMovingWeight": 1000,
    "LeashDistance": 40,
    "HardLeashDistance": 60,
    "LeashMinPlayerDistance": 15,
    "LeashTimer": [
      10,
      15
    ],
    "BreathesInWater": true,
    "_InteractionVars": {
      "Melee_Damage": {
        "Interactions": [
          {
            "Parent": "NPC_Attack_Melee_Damage",
            "DamageCalculator": {
              "BaseDamage": {
                "Physical": 30
              }
            }
          }
        ]
      }
    }
  },
  "Parameters": {
    "NameTranslationKey": {
      "Value": "modjam.npcRoles.DrakonForge_Terminator.name",
      "Description": "Translation key for NPC name display"
    }
  }
}